{
    "rotten_lychee": {
        "name": "썩은 리치",
        "type": "food",
        "atk": 0,
        "def": 0,
        "effect": [
            {
                "id":"hunger",
                "w": 95,
                "value": 25
            },
            {
                "id":"heal",
                "w": 5,
                "value": 50
            }
        ]
    },
    "heal_potion": {
        "name": "체력 물약",
        "type": "potion",
        "atk": 0,
        "def": 0,
        "effect": [
            {
                "id":"heal",
                "w": 100,
                "value": 10
            }
        ]
    },
    "medal": {
        "name": "메달",
        "type": "medal",
        "atk": 0,
        "def": 0,
        "meta": {
            "medal": "누군가의 메달",
            "value": "dev",
            "monster": "???"
        }
    },
    "coin_bundle": {
        "name": "코인이 들어있는 보따리",
        "type":"bundle",
        "atk": 0,
        "def": 0,
        "meta": {
            "coin": 0
        }
    },
    "rusted_sword": {
        "name": "녹슨 검",
        "type": "sword",
        "atk": 2,
        "def": 0
    },
    "rusted_shield": {
        "name": "녹슨 방패",
        "type": "shield",
        "atk": 0,
        "def": 2
    },
    "good_sword": {
        "name": "좋은 검",
        "type": "sword",
        "atk": 5,
        "def": 0
    },
    "good_shield": {
        "name": "좋은 방패",
        "type": "shield",
        "atk": 0,
        "def": 5
    },
    "zacian_sword": {
        "name": "검왕의 칼",
        "type": "sword",
        "atk": 10,
        "def": 0
    },
    "deadpool_sword": {
        "name": "데드풀의 칼",
        "type": "sword",
        "atk": 15,
        "def": 0
    },
    "adamantium_knuckle": {
        "name": "울버린의 삼지창",
        "type": "sword",
        "atk": 20,
        "def": 0
    },
    "vibranium_shield": {
        "name": "캡틴 아메리카의 방패",
        "type": "shield",
        "atk": 0,
        "def": 20
    },
    "excalibur": {
        "name": "엑스칼리버",
        "type": "sword",
        "atk": 50,
        "def": 15
    }
}