{
    "zombie": {
        "name":"좀비",
        "level":"grunt",
        "attack":5,
        "defense":2,
        "hp":45,
        "maxHp":45,
        "drop": [
            {
                "id":"rotten_lychee",
                "w":50,
                "count":[1,5]
            },
            {
                "id":"rusted_sword",
                "w":35,
                "count":1
            }
        ],
        "dialogue": {
            "encounter":["굴웩"],
            "inbattle":["굴웩"],
            "lose":["굴웩"],
            "win":["클웍"]
        }
    },
    "bulls": {
        "name":"블스",
        "level":"common",
        "attack":10,
        "defense":7,
        "hp":90,
        "maxHp":90,
        "drop": [
            {
                "id":"medal",
                "w":100,
                "count":1,
                "meta": {
                    "medal": "블스의 전로치"
                }
            },
            {
                "id":"good_sword",
                "w":20,
                "count":1
            }
        ],
        "dialogue": {
            "encounter":["ㅎㅇ!"],
            "inbattle":["머!"],
            "lose":["와하항!"],
            "win":["ㅇㄴ 형;;;"]
        }
    },
    "redo": {
        "name":"레도",
        "level":"common",
        "attack":10,
        "defense":7,
        "hp":90,
        "maxHp":90,
        "drop": [
            {
                "id":"medal",
                "w":100,
                "count":1,
                "meta": {
                    "medal": "보라돌이의 똥"
                }
            },
            {
                "id":"good_sword",
                "w":20,
                "count":1
            }
        ],
        "dialogue": {
            "encounter":["저랑 배틀 하실래요."],
            "inbattle":["ㅔㅔㅔㅔㅔ드"],
            "lose":["엄... 쉽노ㅋㅋ"],
            "win":["힝"]
        }
    },
    "luca": {
        "name":"루카",
        "level":"rare",
        "attack":20,
        "defense":15,
        "hp":120,
        "maxHp":120,
        "drop": [
            {
                "id":"medal",
                "w":100,
                "count":1,
                "meta": {
                    "medal": "루카제국의 왕관"
                }
            },
            {
                "id":"good_sword",
                "w":50,
                "count":1
            }
        ],
        "dialogue": {
            "encounter":["아 에드님;;;;"],
            "inbattle":["그거 그렇게하는거 아닌대;;;;"],
            "lose":["EZ"],
            "win":["이제 한판 이겼죠?"]
        }
    },
    "richsama": {
        "name":"리치사마",
        "level":"rare",
        "attack":20,
        "defense":15,
        "hp":120,
        "maxHp":120,
        "drop": [
            {
                "id":"medal",
                "w":100,
                "count":1,
                "meta": {
                    "medal": "리치봇 마크 1"
                }
            },
            {
                "id":"good_sword",
                "w":40,
                "count":1
            }
        ],
        "dialogue": {
            "encounter":["저랑 배틀하실려고요? ㅋㅎ"],
            "inbattle":["(대충 개구리가 폴짝거리는 임티)"],
            "lose":["에드님 놀리는거 재밌다ㅋㅎ"],
            "win":["정말 죄송합니다ㅠㅠㅠㅠㅠ"]
        }
    },
    "jay": {
        "name":"제이",
        "level":"rare",
        "attack":20,
        "defense":15,
        "hp":120,
        "maxHp":120,
        "drop": [
            {
                "id":"medal",
                "w":100,
                "count":1,
                "meta": {
                    "medal": "제이 루카"
                }
            },
            {
                "id":"good_sword",
                "w":40,
                "count":1
            }
        ],
        "dialogue": {
            "encounter":["블스 전로치 내놔"],
            "inbattle":["응"],
            "lose":["되겠니 블스야?"],
            "win":["응"]
        }
    },
    "faked": {
        "name":"애드",
        "level":"boss",
        "attack":50,
        "defense":25,
        "hp":300,
        "maxHp":300,
        "drop": [
            {
                "id":"medal",
                "w":100,
                "count":1,
                "meta": {
                    "medal": "애드의 배칼이오"
                }
            },
            {
                "id":"excalibur",
                "w":0.5,
                "count":1
            }
        ],
        "dialogue": {
            "encounter":["안.녕.하.세.요."],
            "inbattle":["짠.내.백.카.리.오.봐.라."],
            "lose":["와.우.이.겼.잖.아.너.무.기.쁘.다."],
            "win":["아.이.졌.녀.ㅊ.ㅋ.ㅊ.ㅋ."]
        }
    }
}